City,Province,1987,1988,1989,1990,1991,1992,1993,1994,1995,1996,1997,1998,1999,2000,2001,2002,2003,2004,2005,2006,2007,2008,2009,2010,2011,2012,2013,2014,2015,2016,2017,2018,2019,2020
St. John's, Newfoundland and Labrador,364,380,356,392,396,380,444,413,407,398,408,388,390,429,423,430,474,460,482,503,481,503,552,575,607,627,666,650,705,712,718,739,734,750
Charlottetown, Prince Edward Island,309,318,327,330,329,335,344,337,356,356,370,369,359,375,359,379,F,398,F,431,440,436,453,483,495,520,537,532,538,582,583,595,595,661
Cape Breton, Nova Scotia,242,258,275,265,289,334,F,F,F,353,F,349,310,340,F,F,F,F,F,466,455,472,483,476,508,524,541,556,551,574,566,579,560,635
Halifax, Nova Scotia,376,391,402,419,438,437,437,446,451,450,452,458,476,496,516,528,544,567,562,581,583,608,642,641,681,696,709,723,738,767,785,818,818,872
Campbellton, New Brunswick part,F,277,282,295,315,302,F,317,F,F,299,F,F,723,F,324,324,284,313,369,378,406,415,415,433,412,437,364,462,458,483,468,486,525
Fredericton, New Brunswick,355,352,370,400,411,417,426,436,441,467,448,442,468,477,483,483,496,497,519,518,571,532,558,558,568,595,604,627,608,634,651,655,704,695
Moncton, New Brunswick,284,298,301,302,309,322,332,332,342,343,351,351,348,351,350,448,374,480,393,407,409,428,441,457,482,489,540,547,532,586,594,613,629,689
Drummondville, Quebec,224,236,246,247,252,262,258,261,261,265,276,292,289,300,302,311,318,327,348,350,346,368,361,363,379,377,378,376,383,383,380,409,443,462
Ottawa-Gatineau, Quebec part,354,366,382,405,434,454,460,476,483,476,475,490,506,563,609,609,616,615,613,620,632,656,673,695,711,737,746,760,779,792,813,839,899,955
Joliette, Quebec,242,252,268,275,267,287,299,293,315,310,305,317,318,300,340,322,360,F,F,398,398,396,402,410,444,426,439,443,455,462,483,492,518,521
Montréal, Quebec,313,322,344,359,366,348,355,353,352,359,360,366,375,384,405,429,443,462,471,485,493,502,515,532,553,545,557,576,586,596,609,646,672,710
Québec, Quebec,308,315,352,368,393,359,360,351,359,359,357,358,375,385,390,402,419,432,444,464,464,463,485,505,531,521,527,540,557,563,556,576,607,617
Rimouski, Quebec,294,291,292,302,311,326,322,342,338,352,352,359,346,346,342,340,344,365,372,389,401,401,408,415,421,442,F,464,450,454,469,471,473,496
Saint-Hyacinthe, Quebec,226,254,255,268,276,273,277,293,295,293,298,305,307,306,323,339,F,F,F,378,397,392,410,406,427,421,447,438,454,447,469,493,492,542
Saint-Jean-sur-Richelieu, Quebec,253,276,309,322,333,331,285,297,308,285,286,292,301,312,316,300,F,348,F,392,391,407,392,405,416,401,594,443,429,469,F,F,F,0
Saguenay, Quebec,244,282,265,330,406,290,292,295,296,297,298,294,295,326,297,302,310,320,314,314,331,345,346,369,388,382,392,386,386,410,413,437,475,452
Shawinigan, Quebec,197,190,214,224,222,205,252,247,263,240,241,241,245,239,259,244,F,F,F,285,285,295,314,315,327,299,305,325,323,347,367,340,327,352
Sherbrooke, Quebec,256,258,278,291,320,324,285,280,300,295,288,283,295,294,300,310,322,331,343,359,369,372,384,387,399,396,396,409,417,442,431,446,461,489
Trois-Rivières, Quebec,278,288,285,273,283,286,319,287,297,421,370,290,290,292,298,296,321,318,324,341,347,360,351,355,379,376,369,373,379,403,405,413,416,430
Barrie, Ontario,308,F,F,F,F,F,474,F,498,505,546,557,563,575,593,608,F,F,F,639,661,698,686,694,692,700,707,749,734,756,763,854,871,934
Belleville, Ontario,303,330,356,F,423,477,400,414,428,422,445,447,438,439,437,473,483,F,F,530,561,577,563,600,606,628,641,652,672,697,730,752,862,908
Brantford, Ontario,289,315,293,329,340,406,404,391,415,432,443,454,431,457,464,507,F,F,F,529,544,560,567,592,658,623,608,653,627,677,636,679,740,763
Brockville, Ontario,274,314,313,323,340,363,390,398,410,417,423,428,431,426,433,441,452,445,462,459,479,486,510,510,543,549,575,585,577,615,614,614,630,768
Cornwall, Ontario,332,327,333,353,372,392,412,427,416,411,403,395,395,398,408,417,425,436,F,473,479,491,511,518,530,544,560,573,579,591,644,647,681,729
Greater Sudbury, Ontario,279,311,335,362,363,390,416,415,407,412,401,411,397,390,402,396,401,406,419,427,468,494,512,513,555,589,598,605,628,626,675,661,693,726
Guelph, Ontario,327,406,454,392,507,472,450,468,533,467,456,464,482,492,534,572,611,634,622,583,592,621,654,615,621,653,659,679,706,739,752,771,825,871
Hamilton, Ontario,287,307,317,345,372,365,384,391,400,391,413,408,429,467,459,482,502,517,498,502,514,554,522,539,563,578,598,603,624,701,667,833,827,910
Huntsville, Ontario,F,F,F,F,365,372,385,F,404,413,409,419,F,458,470,482,F,511,534,F,535,557,553,585,563,572,660,F,F,711,F,F,850,F
Kingston, Ontario,288,283,299,320,347,352,365,382,396,398,426,425,434,447,456,490,505,530,542,552,574,574,597,612,600,655,679,675,685,699,731,748,832,852
Kitchener-Cambridge-Waterloo, Ontario,287,319,343,355,374,376,376,396,387,409,410,421,436,488,482,522,521,544,549,567,555,570,596,594,615,650,666,674,712,715,742,803,822,879
London, Ontario,307,322,346,360,374,389,405,411,411,420,420,419,419,428,444,454,474,483,501,499,510,532,540,558,544,588,604,611,618,636,674,688,728,795
Oshawa, Ontario,378,447,411,499,504,522,494,481,518,537,524,529,551,537,549,591,594,623,633,628,623,651,649,664,676,694,726,740,805,793,847,864,918,957
Peterborough, Ontario,295,329,290,329,367,407,394,410,436,414,429,434,448,466,481,437,F,538,527,540,571,580,591,594,621,649,632,644,680,701,713,745,793,837
St. Catharines-Niagara, Ontario,268,290,307,335,336,353,365,368,377,381,382,385,411,417,447,448,448,463,479,492,525,535,547,533,563,584,588,615,647,663,670,720,746,842
Sarnia, Ontario,265,285,300,316,340,404,374,369,379,410,412,386,403,418,425,475,F,F,519,548,526,534,540,564,578,602,642,649,648,694,696,709,768,803
Sault Ste. Marie, Ontario,281,289,281,344,349,376,388,375,381,393,405,397,408,410,389,392,402,F,403,434,438,437,446,479,446,478,494,567,546,592,588,633,624,607
Stratford, Ontario,F,284,296,325,F,331,F,443,F,F,F,F,477,425,451,429,457,463,490,504,505,541,522,548,548,537,570,585,593,602,612,634,640,729
Thunder Bay, Ontario,263,284,285,312,329,331,360,360,385,355,399,366,397,396,388,424,F,424,424,448,471,482,493,516,529,542,585,592,626,632,660,682,741,753
Toronto, Ontario,377,405,428,453,482,493,510,517,531,542,557,589,629,679,699,732,734,731,727,743,742,768,761,778,822,841,878,900,941,959,1016,1083,1150,1206
Windsor, Ontario,262,275,293,306,333,348,361,387,381,396,405,441,441,452,471,484,498,492,504,506,502,510,466,488,487,508,507,527,542,553,567,610,697,709
Brandon, Manitoba,285,302,310,F,F,322,F,327,333,352,345,351,353,359,F,355,F,F,F,388,395,406,422,433,441,457,F,488,505,531,565,566,567,606
Winnipeg, Manitoba,283,302,304,311,321,328,330,330,336,330,332,340,339,341,359,379,380,390,407,421,452,466,448,491,526,530,581,588,615,636,658,700,736,761
Prince Albert, Saskatchewan,248,252,241,241,252,252,248,250,254,267,295,286,304,309,321,320,324,320,352,351,367,432,457,504,526,561,580,624,617,607,618,632,677,687
Regina, Saskatchewan,263,259,268,252,256,270,289,271,280,280,290,304,325,329,334,351,349,361,367,376,388,455,497,522,564,634,658,697,707,713,710,700,701,759
Saskatoon, Saskatchewan,268,270,265,269,274,276,280,278,286,303,313,324,340,347,356,362,371,372,374,395,436,518,569,600,634,656,667,694,687,705,685,702,723,731
Calgary, Alberta,296,303,317,351,362,372,360,352,356,368,387,432,454,475,493,515,511,518,526,621,692,780,709,710,708,779,874,907,905,860,825,881,902,886
Edmonton, Alberta,303,301,310,336,356,365,372,365,354,356,359,389,402,421,459,490,503,504,513,562,659,708,705,709,713,743,785,843,871,851,839,863,878,881
Grande Prairie, Alberta,310,324,329,353,362,360,361,375,410,403,441,464,452,444,483,501,500,532,554,688,802,717,669,633,650,724,795,831,848,727,730,806,841,F
High River, Alberta,..,..,..,..,..,..,..,..,..,..,..,..,..,..,..,..,..,..,..,..,..,F,F,F,F,F,F,F,F,F,F,F,F,F
Lethbridge, Alberta,333,324,364,380,386,412,418,418,381,399,388,393,396,404,419,431,F,F,F,455,495,560,571,557,592,594,579,615,640,687,702,695,724,789
Medicine Hat, Alberta,277,240,F,256,266,F,255,289,297,262,289,306,328,321,365,F,F,F,F,462,515,525,556,538,543,529,519,555,618,626,656,722,683,731
Red Deer, Alberta,311,311,322,330,339,347,347,343,339,343,349,393,412,428,451,456,456,468,475,531,569,624,603,592,548,568,611,656,755,740,726,731,734,750
Abbotsford-Mission, British Columbia,286,284,312,352,368,374,376,388,408,401,406,413,411,411,420,439,445,442,450,494,520,522,552,546,560,559,575,581,589,619,627,674,758,762
Chilliwack, British Columbia,253,369,366,381,326,356,367,364,388,372,370,377,377,378,394,387,F,F,408,F,468,496,478,489,498,501,509,517,544,580,584,696,697,757
Courtenay, British Columbia,F,242,267,322,379,371,386,396,423,420,423,396,358,341,346,347,358,359,378,398,449,511,535,538,543,548,F,563,580,566,571,573,642,650
Kelowna, British Columbia,262,266,276,310,334,378,396,401,420,423,418,423,425,435,464,478,483,467,497,524,568,624,584,587,586,592,606,613,631,710,859,890,968,1038
Nanaimo, British Columbia,251,272,305,335,357,377,408,407,408,385,396,380,370,375,381,389,396,409,447,457,462,497,510,521,540,550,567,561,589,639,687,800,889,919
Vancouver, British Columbia,364,386,426,472,472,482,503,514,539,556,565,590,586,599,622,639,654,669,679,702,737,755,805,811,842,865,877,903,938,1014,1062,1152,1229,1259
Victoria, British Columbia,304,329,350,393,420,439,451,461,468,468,466,465,468,473,484,505,514,518,541,561,591,626,645,664,677,697,707,722,743,786,851,930,969,1019
Whitehorse, Yukon,..,..,..,..,..,..,..,..,..,..,..,..,..,..,..,..,..,..,..,F,F,F,F,F,F,F,F,F,F,F,F,F,F,F
Yellowknife, Northwest Territories,..,..,..,..,..,..,..,..,..,..,..,643,646,657,733,778,798,795,834,849,848,908,958,1015,1043,1136,1139,1169,1145,1160,1130,1183,1229,1240